suite,algorithm,map_index,agent_num,episode,success,collision,timeout,steps,reward,path_distance,elapsed_time,avg_step_time,device
compare,ppo_abc,0,5,0,False,False,True,200,40554.0,6043.003535270691,45.10951383900829,0.22554406117182224,cuda:0
compare,ppo_abc,0,5,1,False,False,True,200,65090.0,6634.868608474731,45.268827446969226,0.22634027594001963,cuda:0
compare,ppo_abc,0,5,2,False,False,True,200,61484.0,6847.259223937988,45.06025095493533,0.22529736505355685,cuda:0
compare,ppo_abc,0,5,3,False,False,True,200,45246.0,6387.219197273254,43.69467048509978,0.21846981775481253,cuda:0
compare,ppo_abc,0,5,4,False,False,True,200,63498.0,6231.299311637878,44.803014494944364,0.22401161569636316,cuda:0
compare,ppo_abc,0,5,5,True,False,False,63,8832.0,2746.276866912842,13.578446453204378,0.21552624899361814,cuda:0
compare,ppo_abc,0,5,6,False,False,True,200,57844.0,6586.904767036438,44.296542410040274,0.22147923146607354,cuda:0
compare,ppo_abc,0,5,7,True,False,False,75,13944.0,3103.80389213562,16.19306477205828,0.21590324117802084,cuda:0
compare,ppo_abc,0,5,8,True,False,False,100,18384.0,3887.8784732818604,21.737443944904953,0.21737047309754418,cuda:0
compare,ppo_abc,0,5,9,False,False,True,200,59946.0,6126.368363380432,45.38079574191943,0.2268999751424417,cuda:0
compare,ppo_abc,1,5,0,False,False,True,200,70366.0,6209.304644584656,50.7021218908485,0.2535069364646915,cuda:0
compare,ppo_abc,1,5,1,True,False,False,65,7688.0,2851.690143585205,15.592751753050834,0.23988384000527171,cuda:0
compare,ppo_abc,1,5,2,True,False,False,78,12740.0,3093.2647819519043,18.817143245134503,0.24124061889373338,cuda:0
compare,ppo_abc,1,5,3,False,False,True,200,54698.0,7005.410676956177,50.02470797998831,0.2501197777909692,cuda:0
compare,ppo_abc,1,5,4,False,False,True,200,60634.0,6690.726154327393,54.51315485103987,0.27256175617687406,cuda:0
compare,ppo_abc,1,5,5,False,False,True,200,61502.0,6678.422569274902,55.58639498683624,0.27792810124927203,cuda:0
compare,ppo_abc,1,5,6,False,False,True,200,69002.0,6021.185854911804,50.024743172107264,0.2501202747656498,cuda:0
compare,ppo_abc,1,5,7,False,False,True,200,63842.0,5859.369397163391,49.364047677023336,0.24681643735733816,cuda:0
compare,ppo_abc,1,5,8,False,False,True,200,55648.0,5267.6347188949585,50.20937111810781,0.25104316987446507,cuda:0
compare,ppo_abc,1,5,9,False,False,True,200,56632.0,6360.556161880493,50.02007777686231,0.250096520234365,cuda:0
compare,ppo_abc,2,5,0,True,False,False,74,13032.0,3017.9510536193848,15.988759970990941,0.21605999601652492,cuda:0
compare,ppo_abc,2,5,1,False,False,True,200,50376.0,6615.355335235596,44.20996417105198,0.2210461514769122,cuda:0
compare,ppo_abc,2,5,2,False,False,True,200,28022.0,5630.10958480835,43.86346942698583,0.219313411207404,cuda:0
compare,ppo_abc,2,5,3,False,False,True,200,58978.0,6508.596141815186,44.3927967119962,0.22196026421850548,cuda:0
compare,ppo_abc,2,5,4,False,False,True,200,54254.0,6417.180552482605,44.036994840949774,0.22018124592141247,cuda:0
compare,ppo_abc,2,5,5,True,False,False,56,11302.0,2398.3115196228027,12.02304349001497,0.21469243628754547,cuda:0
compare,ppo_abc,2,5,6,False,False,True,200,46746.0,6126.467864990234,44.25916155008599,0.22129211218445563,cuda:0
compare,ppo_abc,2,5,7,True,False,False,36,2584.0,1658.727466583252,7.705322315916419,0.21403107607814795,cuda:0
compare,ppo_abc,2,5,8,True,False,False,112,24630.0,4274.820175170898,24.339504076866433,0.21731303075960437,cuda:0
compare,ppo_abc,2,5,9,True,False,False,64,5238.0,2647.5647163391113,13.769974761875346,0.21515121820630156,cuda:0
compare,ppo_abc,0,10,0,False,False,True,200,89848.0,12281.141780853271,43.757652876898646,0.21878455736092292,cuda:0
compare,ppo_abc,0,10,1,False,False,True,200,57856.0,12721.398750305176,43.25342002301477,0.2162635148409754,cuda:0
compare,ppo_abc,0,10,2,False,False,True,200,64136.0,12074.429279327393,43.18417152715847,0.21591735120047814,cuda:0
compare,ppo_abc,0,10,3,False,False,True,200,128814.0,12512.746715545654,44.02183702797629,0.2201055971160531,cuda:0
compare,ppo_abc,0,10,4,False,False,True,200,90886.0,12623.227485656738,43.498199752066284,0.2174875672790222,cuda:0
compare,ppo_abc,0,10,5,False,False,True,200,99130.0,12714.10648727417,43.91983314207755,0.2195957059180364,cuda:0
compare,ppo_abc,0,10,6,False,False,True,200,135768.0,13296.906665802002,44.79635973297991,0.22397827761946246,cuda:0
compare,ppo_abc,0,10,7,False,False,True,200,82340.0,11771.499626159668,43.03395971399732,0.21516623316565528,cuda:0
compare,ppo_abc,0,10,8,False,False,True,200,78020.0,12687.894157409668,43.15719172288664,0.21578252860344946,cuda:0
compare,ppo_abc,0,10,9,False,False,True,200,126584.0,12683.828437805176,43.96167461993173,0.21980479957419446,cuda:0
compare,ppo_abc,1,10,0,False,False,True,200,116514.0,13027.908531188965,49.58102731802501,0.24790149773703887,cuda:0
compare,ppo_abc,1,10,1,False,False,True,200,129670.0,13107.268074035645,50.09812306705862,0.2504871159349568,cuda:0
compare,ppo_abc,1,10,2,False,True,False,52,6688.0,4329.075759887695,12.521098875906318,0.24078567039955837,cuda:0
compare,ppo_abc,1,10,3,False,False,True,200,82374.0,12639.24104309082,48.589990162989125,0.24294628044357525,cuda:0
compare,ppo_abc,1,10,4,True,False,False,109,51818.0,7959.999961853027,26.6011913290713,0.2440437253697032,cuda:0
compare,ppo_abc,1,10,5,False,False,True,200,109566.0,13401.708782196045,50.179275745060295,0.25089197492226956,cuda:0
compare,ppo_abc,1,10,6,False,False,True,200,141740.0,12903.002555847168,51.35279632802121,0.256760397576727,cuda:0
compare,ppo_abc,1,10,7,False,False,True,200,113266.0,12125.26634979248,49.230341367889196,0.2461479678528849,cuda:0
compare,ppo_abc,1,10,8,False,False,True,200,125230.0,13558.59602355957,50.05164942308329,0.2502546002785675,cuda:0
compare,ppo_abc,1,10,9,False,False,True,200,118226.0,12416.567096710205,49.75148740503937,0.24875373697839678,cuda:0
compare,ppo_abc,2,10,0,False,False,True,200,138122.0,13260.830879211426,45.167925965972245,0.22583599854959174,cuda:0
compare,ppo_abc,2,10,1,False,False,True,200,107600.0,11745.441036224365,43.95871776994318,0.21979011935531162,cuda:0
compare,ppo_abc,2,10,2,False,False,True,200,139692.0,13337.125011444092,44.594291168032214,0.22296807311824524,cuda:0
compare,ppo_abc,2,10,3,False,False,True,200,112890.0,13138.150955200195,44.524134205887094,0.2226171170035377,cuda:0
compare,ppo_abc,2,10,4,False,False,True,200,106330.0,12589.275588989258,43.8070501240436,0.21903160867397672,cuda:0
compare,ppo_abc,2,10,5,False,False,True,200,124976.0,13120.486873626709,44.18169296393171,0.22090477542951703,cuda:0
compare,ppo_abc,2,10,6,False,False,True,200,139620.0,12839.906009674072,45.21422814507969,0.22606763883610256,cuda:0
compare,ppo_abc,2,10,7,False,False,True,200,62326.0,12292.311946868896,43.204526676097885,0.21601932285819203,cuda:0
compare,ppo_abc,2,10,8,True,False,False,87,46338.0,6563.935665130615,18.994105875957757,0.21831903247237633,cuda:0
compare,ppo_abc,2,10,9,False,False,True,200,135148.0,13242.701568603516,45.12394715403207,0.22561617993284017,cuda:0
compare,abc,0,5,0,False,False,True,200,40664.0,6082.380730628967,42.01022138702683,0.21004773403168656,cuda:0
compare,abc,0,5,1,False,False,True,200,64978.0,6690.1408948898315,42.56197893014178,0.21280651648179627,cuda:0
compare,abc,0,5,2,False,False,True,200,61166.0,6787.536361694336,43.22170411190018,0.21610496131354012,cuda:0
compare,abc,0,5,3,False,False,True,200,45542.0,6299.021648406982,42.91235781996511,0.2145580267906189,cuda:0
compare,abc,0,5,4,False,False,True,200,63382.0,6303.922829627991,43.30588453798555,0.21652577214990743,cuda:0
compare,abc,0,5,5,True,False,False,62,8448.0,2686.866617202759,12.788454078137875,0.2062612912700241,cuda:0
compare,abc,0,5,6,False,False,True,200,57636.0,6592.07256603241,42.53747310698964,0.21268410139367916,cuda:0
compare,abc,0,5,7,True,False,False,74,13774.0,3031.507734298706,15.356153704924509,0.20751175592099694,cuda:0
compare,abc,0,5,8,True,False,False,101,18568.0,3920.191677093506,21.185973420040682,0.20975850787852882,cuda:0
compare,abc,0,5,9,False,False,True,200,60052.0,6128.7557916641235,42.76540314895101,0.21382369871018456,cuda:0
compare,abc,1,5,0,False,False,True,200,70376.0,6140.0076332092285,49.19422178785317,0.24596773057826796,cuda:0
compare,abc,1,5,1,True,False,False,65,7798.0,2885.5543823242188,15.125930204056203,0.23270235661273966,cuda:0
compare,abc,1,5,2,True,False,False,78,13282.0,3095.0685443878174,18.110175509005785,0.23217778231423253,cuda:0
compare,abc,1,5,3,False,False,True,200,54726.0,6941.837624549866,48.439721785951406,0.2421953112410847,cuda:0
compare,abc,1,5,4,False,False,True,200,60742.0,6679.5178899765015,48.92137580085546,0.2446036172460299,cuda:0
compare,abc,1,5,5,False,False,True,200,61494.0,6618.661417961121,47.89993560896255,0.23949645630666055,cuda:0
compare,abc,1,5,6,False,False,True,200,69104.0,6238.853134155273,48.400321084074676,0.24199846633826383,cuda:0
compare,abc,1,5,7,False,False,True,200,63842.0,5844.160439491272,47.94190622190945,0.23970610004267656,cuda:0
compare,abc,1,5,8,False,False,True,200,55864.0,5426.990752220154,48.5451031930279,0.24272210330935196,cuda:0
compare,abc,1,5,9,False,False,True,200,56924.0,6581.871282577515,49.08570832014084,0.24542518794885837,cuda:0
compare,abc,2,5,0,True,False,False,75,13314.0,3066.9303092956543,15.562770825112239,0.2074997122834126,cuda:0
compare,abc,2,5,1,False,False,True,200,50382.0,6583.320098876953,42.34350658999756,0.2117140837793704,cuda:0
compare,abc,2,5,2,False,False,True,200,28302.0,5765.413498878479,41.58985253889114,0.20794596927473322,cuda:0
compare,abc,2,5,3,False,False,True,200,58968.0,6540.495021820068,42.18543057795614,0.21092397125787102,cuda:0
compare,abc,2,5,4,False,False,True,200,61946.0,6467.0633363723755,42.60699790995568,0.21303161702351645,cuda:0
compare,abc,2,5,5,True,False,False,56,11296.0,2392.5297470092773,11.511371622094885,0.20555569875120586,cuda:0
compare,abc,2,5,6,False,False,True,200,46642.0,6042.0476360321045,42.18511990993284,0.21092236420954577,cuda:0
compare,abc,2,5,7,True,False,False,36,2580.0,1648.913782119751,7.379155919188634,0.2049707966378062,cuda:0
compare,abc,2,5,8,True,False,False,115,25934.0,4370.538541793823,23.939688148209825,0.20816737268241528,cuda:0
compare,abc,2,5,9,True,False,False,63,6682.0,2824.0613803863525,13.014913267921656,0.2065818066272648,cuda:0
compare,abc,0,10,0,False,False,True,200,90038.0,12047.382369995117,41.5874776809942,0.2079340725322254,cuda:0
compare,abc,0,10,1,False,False,True,200,61894.0,13079.564155578613,41.33994133584201,0.2066963463567663,cuda:0
compare,abc,0,10,2,False,False,True,200,62332.0,11826.909385681152,41.255095179891214,0.20627214121515863,cuda:0
compare,abc,0,10,3,False,False,True,200,127952.0,12617.784004211426,42.34454016410746,0.21171941459644586,cuda:0
compare,abc,0,10,4,False,False,True,200,90414.0,12530.260074615479,41.49048761790618,0.20744926160783506,cuda:0
compare,abc,0,10,5,False,False,True,200,101198.0,12113.096807479858,41.86001602001488,0.20929700013482944,cuda:0
compare,abc,0,10,6,False,False,True,200,132540.0,13079.366958618164,42.792556358966976,0.2139595457329415,cuda:0
compare,abc,0,10,7,False,False,True,200,83758.0,12119.763912200928,41.137220565928146,0.2056829387799371,cuda:0
compare,abc,0,10,8,False,False,True,200,75430.0,12539.473705291748,41.426960323005915,0.2071315788687207,cuda:0
compare,abc,0,10,9,False,False,True,200,124838.0,12291.485874176025,42.080688073066995,0.21040015959530137,cuda:0
compare,abc,1,10,0,False,False,True,200,128568.0,12961.164707183838,47.73880710895173,0.23869091909145937,cuda:0
compare,abc,1,10,1,False,False,True,200,140616.0,13237.9778881073,49.06795239308849,0.24533647232106887,cuda:0
compare,abc,1,10,2,True,False,False,70,21702.0,5786.145488739014,16.20167335285805,0.23144851065174277,cuda:0
compare,abc,1,10,3,False,False,True,200,82124.0,12532.520584106445,46.76399501506239,0.23381676758872344,cuda:0
compare,abc,1,10,4,True,False,False,92,41426.0,6888.577404022217,21.51240023691207,0.23382665256149662,cuda:0
compare,abc,1,10,5,False,False,True,200,110074.0,13387.81619644165,47.4590739030391,0.23729204101487994,cuda:0
compare,abc,1,10,6,False,False,True,200,143748.0,12952.463863372803,48.26097911596298,0.24130158256157302,cuda:0
compare,abc,1,10,7,False,False,True,200,115178.0,12166.593021392822,47.205425622174516,0.23602375120623037,cuda:0
compare,abc,1,10,8,False,False,True,200,128892.0,13594.150066375732,48.25997306895442,0.24129638128099032,cuda:0
compare,abc,1,10,9,False,False,True,200,119846.0,12337.260332107544,47.77152055106126,0.2388542364933528,cuda:0
compare,abc,2,10,0,False,False,True,200,137590.0,13159.026638031006,43.15664349892177,0.21577992984908634,cuda:0
compare,abc,2,10,1,False,False,True,200,104994.0,11720.807865142822,41.75209465296939,0.20875736755435356,cuda:0
compare,abc,2,10,2,False,False,True,200,136802.0,13237.363647460938,42.356392869958654,0.2117786084895488,cuda:0
compare,abc,2,10,3,False,False,True,200,113846.0,13255.253555297852,42.619186996947974,0.21309246687334962,cuda:0
compare,abc,2,10,4,False,False,True,200,113396.0,12579.444835662842,41.91241526813246,0.20955882818787358,cuda:0
compare,abc,2,10,5,False,False,True,200,134960.0,12921.922718048096,43.12454985897057,0.21561928471550346,cuda:0
compare,abc,2,10,6,False,False,True,200,138448.0,13937.198390960693,43.28290282585658,0.2164111583540216,cuda:0
compare,abc,2,10,7,False,False,True,200,62792.0,12412.88217163086,41.219505672110245,0.20609448449104092,cuda:0
compare,abc,2,10,8,True,False,False,86,45340.0,6512.690975189209,17.877368510933593,0.20787270252354617,cuda:0
compare,abc,2,10,9,False,False,True,200,136674.0,12989.625217437744,43.21691205888055,0.21608131302171388,cuda:0
compare,pso,0,5,0,False,False,True,200,43136.0,6161.318918228149,11.774813260883093,0.058870109176496044,cuda:0
compare,pso,0,5,1,False,False,True,200,64756.0,6638.10203742981,11.739702871069312,0.058694496472598987,cuda:0
compare,pso,0,5,2,False,False,True,200,60938.0,6713.511878967285,11.760288898833096,0.05879686573054641,cuda:0
compare,pso,0,5,3,False,False,True,200,45156.0,6408.9979457855225,11.7722829580307,0.0588569726771675,cuda:0
compare,pso,0,5,4,False,False,True,200,62954.0,6284.043956756592,11.736279645003378,0.058677854276029395,cuda:0
compare,pso,0,5,5,True,False,False,63,8622.0,2707.2769145965576,3.716687354957685,0.058991185662942744,cuda:0
compare,pso,0,5,6,False,False,True,200,53302.0,6411.83777141571,11.75444305781275,0.05876867311308161,cuda:0
compare,pso,0,5,7,True,False,False,95,18542.0,3584.8098468780518,5.59345696400851,0.05887496634631565,cuda:0
compare,pso,0,5,8,True,False,False,76,7798.0,3257.24733543396,4.481208942830563,0.05895951032748838,cuda:0
compare,pso,0,5,9,False,False,True,200,59736.0,6089.808025360107,11.73239949089475,0.05865763058303855,cuda:0
compare,pso,1,5,0,False,False,True,200,70384.0,6222.028518676758,14.426732433959842,0.07213069867808372,cuda:0
compare,pso,1,5,1,True,False,False,62,6842.0,2701.5064907073975,4.497322628041729,0.07253348386485971,cuda:0
compare,pso,1,5,2,True,False,False,101,20336.0,3686.92964553833,7.303742204094306,0.07231093062742586,cuda:0
compare,pso,1,5,3,False,False,True,200,54614.0,6832.75577545166,14.417604913935065,0.07208043689606711,cuda:0
compare,pso,1,5,4,False,False,True,200,60884.0,6585.504426956177,14.410529704065993,0.07204741853522137,cuda:0
compare,pso,1,5,5,False,False,True,200,61074.0,6626.68102645874,14.43662141612731,0.07217842267942615,cuda:0
compare,pso,1,5,6,False,False,True,200,68994.0,6220.63173866272,14.430328668095171,0.07214624599786475,cuda:0
compare,pso,1,5,7,False,False,True,200,63732.0,5964.339619636536,14.450119578046724,0.0722451459756121,cuda:0
compare,pso,1,5,8,False,False,True,200,58080.0,5364.430170059204,14.428611607989296,0.0721383687586058,cuda:0
compare,pso,1,5,9,False,False,True,200,56630.0,6398.950635910034,14.444135806057602,0.07221523334039376,cuda:0
compare,pso,2,5,0,True,False,False,92,19888.0,3503.6333599090576,5.39907062612474,0.05868209017258461,cuda:0
compare,pso,2,5,1,False,False,True,200,45728.0,6566.636289596558,11.751191767165437,0.05875061634811573,cuda:0
compare,pso,2,5,2,False,False,True,200,28382.0,5791.6591796875,11.770534325856715,0.0588474127126392,cuda:0
compare,pso,2,5,3,False,False,True,200,62878.0,6674.7671184539795,11.72261931700632,0.05860820447676815,cuda:0
compare,pso,2,5,4,False,False,True,200,54684.0,6461.9098110198975,11.736498896963894,0.05867790599470027,cuda:0
compare,pso,2,5,5,True,False,False,56,11292.0,2330.032890319824,3.291825325926766,0.05877844652526879,cuda:0
compare,pso,2,5,6,False,False,True,200,46342.0,6178.648635864258,11.738105909200385,0.05868676883401349,cuda:0
compare,pso,2,5,7,True,False,False,36,2582.0,1666.265453338623,2.123349281027913,0.05897686185522212,cuda:0
compare,pso,2,5,8,True,False,False,86,14222.0,3494.8827686309814,5.065093267010525,0.058892876903396535,cuda:0
compare,pso,2,5,9,True,False,False,86,11696.0,3404.343952178955,5.069591018836945,0.05894525751720594,cuda:0
compare,pso,0,10,0,False,False,True,200,91894.0,11885.678911209106,11.834187782136723,0.05916523553896695,cuda:0
compare,pso,0,10,1,False,False,True,200,56984.0,12925.116466522217,11.857123896945268,0.059282422579126436,cuda:0
compare,pso,0,10,2,False,False,True,200,70544.0,12133.216449737549,11.848140035988763,0.05923544587567449,cuda:0
compare,pso,0,10,3,False,False,True,200,128058.0,12444.57428741455,11.810440291883424,0.059048353468533606,cuda:0
compare,pso,0,10,4,False,False,True,200,96486.0,12566.95860671997,11.84868644294329,0.05923814685549587,cuda:0
compare,pso,0,10,5,False,False,True,200,102792.0,12524.92972946167,11.838455270975828,0.05918726609786972,cuda:0
compare,pso,0,10,6,False,False,True,200,118750.0,12939.076305389404,11.799663441022858,0.05899373801890761,cuda:0
compare,pso,0,10,7,False,False,True,200,76076.0,12116.839719772339,11.859155523823574,0.05928964868420735,cuda:0
compare,pso,0,10,8,False,False,True,200,74402.0,12762.91390991211,11.853017000015825,0.05925999241298996,cuda:0
compare,pso,0,10,9,False,False,True,200,126232.0,12416.484901428223,11.808599486015737,0.0590373786422424,cuda:0
compare,pso,1,10,0,False,False,True,200,122830.0,13307.746143341064,14.542556331958622,0.07270595363224856,cuda:0
compare,pso,1,10,1,False,False,True,200,139074.0,13275.808609008789,14.493510404834524,0.07246313962270506,cuda:0
compare,pso,1,10,2,False,True,False,48,5206.0,4189.146945953369,3.5168518889695406,0.0732630217341163,cuda:0
compare,pso,1,10,3,False,False,True,200,81052.0,12740.353633880615,14.592462336877361,0.07295513879158534,cuda:0
compare,pso,1,10,4,True,False,False,89,39442.0,6833.227073669434,6.491496320115402,0.07293465517178764,cuda:0
compare,pso,1,10,5,False,False,True,200,113344.0,13566.240886688232,14.563298385124654,0.07280934663373045,cuda:0
compare,pso,1,10,6,False,False,True,200,128698.0,12504.030891418457,14.570793778868392,0.0728466377989389,cuda:0
compare,pso,1,10,7,False,False,True,200,114626.0,12110.730369567871,14.58702880400233,0.07292956991004758,cuda:0
compare,pso,1,10,8,False,False,True,200,126068.0,13534.181018829346,14.515363443875685,0.07256992001202889,cuda:0
compare,pso,1,10,9,False,False,True,200,117030.0,12466.441730499268,14.546029842924327,0.0727255774952937,cuda:0
compare,pso,2,10,0,False,False,True,200,132200.0,13257.672351837158,11.785203611012548,0.05892157254857011,cuda:0
compare,pso,2,10,1,False,False,True,200,107496.0,11843.10542678833,11.829475137870759,0.059143166224239395,cuda:0
compare,pso,2,10,2,False,False,True,200,139506.0,13367.182220458984,11.817751688882709,0.059084602064685895,cuda:0
compare,pso,2,10,3,False,False,True,200,110124.0,13180.324794769287,11.851512915920466,0.059249218779150396,cuda:0
compare,pso,2,10,4,False,False,True,200,106142.0,12523.342845916748,11.861445254879072,0.05930223991745152,cuda:0
compare,pso,2,10,5,False,False,True,200,136158.0,13256.421527862549,11.785166429821402,0.05892169903730973,cuda:0
compare,pso,2,10,6,False,False,True,200,138768.0,13020.079822540283,11.770766932051629,0.058848988398676735,cuda:0
compare,pso,2,10,7,False,False,True,200,61242.0,12526.441720962524,11.863315497059375,0.05931180618936196,cuda:0
compare,pso,2,10,8,True,False,False,86,45660.0,6501.017314910889,5.089489756850526,0.05917657782908443,cuda:0
compare,pso,2,10,9,False,False,True,200,129340.0,13285.102867126465,11.789349121972919,0.05894102137652226,cuda:0
compare,cpso,0,5,0,False,False,True,200,40464.0,6089.041162490845,12.814644594909623,0.06406902264687232,cuda:0
compare,cpso,0,5,1,False,False,True,200,64870.0,6636.216968536377,12.748666702071205,0.06373668720014393,cuda:0
compare,cpso,0,5,2,False,False,True,200,59222.0,6682.584707260132,12.77188793499954,0.06385445924010127,cuda:0
compare,cpso,0,5,3,False,False,True,200,44952.0,6481.5740423202515,12.80141610186547,0.06400211905944161,cuda:0
compare,cpso,0,5,4,False,False,True,200,63484.0,6258.38184928894,12.757096608867869,0.06378160496358759,cuda:0
compare,cpso,0,5,5,True,False,False,64,8476.0,2771.60072517395,4.114542461000383,0.06428586279071169,cuda:0
compare,cpso,0,5,6,False,False,True,200,53714.0,6523.94686126709,12.782138657057658,0.06390342517057433,cuda:0
compare,cpso,0,5,7,True,False,False,80,14938.0,3233.3175773620605,5.142834481084719,0.0642814220598666,cuda:0
compare,cpso,0,5,8,True,False,False,74,7902.0,3246.0744857788086,4.755896728020161,0.06426512644424834,cuda:0
compare,cpso,0,5,9,False,False,True,200,59732.0,6058.453959465027,12.788235183805227,0.06393663226393982,cuda:0
compare,cpso,1,5,0,False,False,True,200,70374.0,6241.268756866455,15.4474558129441,0.07723057505092584,cuda:0
compare,cpso,1,5,1,True,False,False,61,6662.0,2689.3281440734863,4.753284072037786,0.07791856499999518,cuda:0
compare,cpso,1,5,2,True,False,False,105,20410.0,3815.6565437316895,8.161623101914302,0.07772632486053875,cuda:0
compare,cpso,1,5,3,False,False,True,200,54720.0,7000.842803955078,15.490025272127241,0.07744457409367897,cuda:0
compare,cpso,1,5,4,False,False,True,200,60018.0,6576.599258422852,15.463842706056312,0.0773151109740138,cuda:0
compare,cpso,1,5,5,False,False,True,200,61614.0,6590.359332084656,15.471836290089414,0.07735135280061513,cuda:0
compare,cpso,1,5,6,False,False,True,200,68670.0,6201.392206192017,15.47191061009653,0.07735437980853022,cuda:0
compare,cpso,1,5,7,False,False,True,200,63864.0,5975.9850816726685,15.515858243918046,0.07757157030981034,cuda:0
compare,cpso,1,5,8,False,False,True,200,59276.0,5354.940631866455,15.457698018988594,0.0772823833534494,cuda:0
compare,cpso,1,5,9,False,False,True,200,58022.0,6678.32693862915,15.44363191910088,0.07721141294226981,cuda:0
compare,cpso,2,5,0,True,False,False,74,12932.0,3102.5572834014893,4.74365020589903,0.06409954095599116,cuda:0
compare,cpso,2,5,1,False,False,True,200,46062.0,6484.201488494873,12.796705234097317,0.0639785061974544,cuda:0
compare,cpso,2,5,2,False,False,True,200,28372.0,5784.767580986023,12.819227496860549,0.06409285853267647,cuda:0
compare,cpso,2,5,3,False,False,True,200,58962.0,6487.334151268005,12.753801344893873,0.06376385311363265,cuda:0
compare,cpso,2,5,4,False,False,True,200,55030.0,6444.076191902161,12.780395886860788,0.063896042665001,cuda:0
compare,cpso,2,5,5,True,False,False,56,11308.0,2353.2157764434814,3.5862721260637045,0.06403642295793231,cuda:0
compare,cpso,2,5,6,False,False,True,200,46472.0,6147.269625663757,12.770335392095149,0.06384639296215028,cuda:0
compare,cpso,2,5,7,True,False,False,36,2586.0,1676.5469398498535,2.3144338701386005,0.06428460200550035,cuda:0
compare,cpso,2,5,8,True,False,False,88,14784.0,3577.9248065948486,5.6466586601454765,0.06416291446128691,cuda:0
compare,cpso,2,5,9,True,False,False,65,4444.0,2768.270435333252,4.178831774042919,0.06428565470716702,cuda:0
compare,cpso,0,10,0,False,False,True,200,94144.0,11946.703269958496,12.89572487398982,0.06447241354850121,cuda:0
compare,cpso,0,10,1,False,False,True,200,66072.0,13162.830039978027,12.906774513889104,0.06452817354351283,cuda:0
compare,cpso,0,10,2,False,False,True,200,57122.0,11778.293354034424,12.913489914033562,0.06456323189660906,cuda:0
compare,cpso,0,10,3,False,False,True,200,125706.0,11944.252536773682,12.835819537052885,0.0641728137782775,cuda:0
compare,cpso,0,10,4,False,False,True,200,88586.0,12443.33508682251,12.88845471595414,0.06443658060627058,cuda:0
compare,cpso,0,10,5,False,False,True,200,103636.0,12655.853538513184,12.908280821982771,0.06453546908800491,cuda:0
compare,cpso,0,10,6,False,False,True,200,121098.0,13372.26347732544,12.890625552972779,0.06444746747263708,cuda:0
compare,cpso,0,10,7,False,False,True,200,80756.0,11858.683639526367,12.908809310989454,0.06453887156327255,cuda:0
compare,cpso,0,10,8,False,False,True,200,76016.0,12557.630187988281,12.90976588614285,0.06454550920170732,cuda:0
compare,cpso,0,10,9,False,False,True,200,127222.0,12776.490531921387,12.843741846038029,0.06421391164301894,cuda:0
compare,cpso,1,10,0,False,False,True,200,133864.0,13936.714641571045,15.589493340114132,0.07794172345777042,cuda:0
compare,cpso,1,10,1,False,False,True,200,142032.0,12760.948040008545,15.548270581988618,0.07773436636198312,cuda:0
compare,cpso,1,10,2,True,False,False,75,26392.0,6201.2901611328125,5.880792305106297,0.07840673392017683,cuda:0
compare,cpso,1,10,3,False,False,True,200,72734.0,12404.654396057129,15.661283795023337,0.07830086164060049,cuda:0
compare,cpso,1,10,4,True,False,False,85,39642.0,6664.737873077393,6.645573710091412,0.07817948415108464,cuda:0
compare,cpso,1,10,5,False,False,True,200,108684.0,13355.051036834717,15.598718042019755,0.07798633501282894,cuda:0
compare,cpso,1,10,6,False,False,True,200,127596.0,12402.899223327637,15.58879656298086,0.07793746841372923,cuda:0
compare,cpso,1,10,7,False,False,True,200,115162.0,12160.399436950684,15.600975474109873,0.07800001568160951,cuda:0
compare,cpso,1,10,8,False,False,True,200,129536.0,13413.766315460205,15.542792216874659,0.07770576699404046,cuda:0
compare,cpso,1,10,9,False,False,True,200,119986.0,12423.695156097412,15.577134880935773,0.07788047574460506,cuda:0
compare,cpso,2,10,0,False,False,True,200,133032.0,13317.203071594238,12.803164056967944,0.06401076824171469,cuda:0
compare,cpso,2,10,1,False,False,True,200,108460.0,11871.224739074707,12.876420475076884,0.06437702030176297,cuda:0
compare,cpso,2,10,2,False,False,True,200,140046.0,13354.065399169922,12.792912899050862,0.0639593649841845,cuda:0
compare,cpso,2,10,3,False,False,True,200,113456.0,13562.06474685669,12.849392622010782,0.06424195136525668,cuda:0
compare,cpso,2,10,4,False,False,True,200,106842.0,12537.265235900879,12.86179458303377,0.06430226845433935,cuda:0
compare,cpso,2,10,5,False,False,True,200,124332.0,13269.369232177734,12.843269747914746,0.06420948013896123,cuda:0
compare,cpso,2,10,6,True,False,False,128,73090.0,8853.01802444458,8.244764138944447,0.06440756720076024,cuda:0
compare,cpso,2,10,7,False,False,True,200,60784.0,12517.698978424072,12.91194366896525,0.06455681492225267,cuda:0
compare,cpso,2,10,8,True,False,False,90,49122.0,6780.313869476318,5.792835029074922,0.06436135223290572,cuda:0
compare,cpso,2,10,9,False,False,True,200,135910.0,13328.977123260498,12.805050460854545,0.06401853435556404,cuda:0
compare,abcl,0,5,0,False,False,True,200,40240.0,5865.125525474548,32.906131454976276,0.16452738877967932,cuda:0
compare,abcl,0,5,1,False,False,True,200,64976.0,6615.636526107788,34.4105561170727,0.17204933504457587,cuda:0
compare,abcl,0,5,2,False,False,True,200,60952.0,6754.146970748901,33.98570485599339,0.1699251917656511,cuda:0
compare,abcl,0,5,3,False,False,True,200,45460.0,6352.284949302673,33.80900546698831,0.16904153836308977,cuda:0
compare,abcl,0,5,4,False,False,True,200,63060.0,6278.043813705444,34.34148979885504,0.1717040070774965,cuda:0
compare,abcl,0,5,5,True,False,False,63,8730.0,2740.3200912475586,9.691713999956846,0.1538323453731007,cuda:0
compare,abcl,0,5,6,False,False,True,200,57956.0,6533.039149284363,33.63040511100553,0.16814866418484598,cuda:0
compare,abcl,0,5,7,True,False,False,75,14054.0,3075.115592956543,12.0262493819464,0.16034604168807468,cuda:0
compare,abcl,0,5,8,True,False,False,99,17442.0,3969.2687015533447,15.427668604068458,0.15583134428927242,cuda:0
compare,abcl,0,5,9,False,False,True,200,55302.0,6088.321478843689,33.28351655905135,0.1664140616217628,cuda:0
compare,abcl,1,5,0,False,False,True,200,70368.0,6171.164381980896,41.74727406189777,0.20873293781653046,cuda:0
compare,abcl,1,5,1,True,False,False,66,7864.0,2904.7498722076416,12.28209549211897,0.1860874643669266,cuda:0
compare,abcl,1,5,2,True,False,False,78,15662.0,3112.703437805176,15.29799501504749,0.19612385648995256,cuda:0
compare,abcl,1,5,3,False,False,True,200,54602.0,6815.795946121216,40.030568114016205,0.2001492886291817,cuda:0
compare,abcl,1,5,4,False,False,True,200,60616.0,6600.008458137512,40.85665313806385,0.20427998182945883,cuda:0
compare,abcl,1,5,5,False,False,True,200,61386.0,6522.412746429443,40.930503285024315,0.20464903213083743,cuda:0
compare,abcl,1,5,6,False,False,True,200,68996.0,6066.45371055603,41.89193724002689,0.20945639550802297,cuda:0
compare,abcl,1,5,7,False,False,True,200,63738.0,5925.854787826538,40.637966303154826,0.20318629203946328,cuda:0
compare,abcl,1,5,8,False,False,True,200,55752.0,5312.4299993515015,38.9249515789561,0.19462158038048075,cuda:0
compare,abcl,1,5,9,False,False,True,200,57796.0,6594.067588806152,40.39661405514926,0.20197966507053933,cuda:0
compare,abcl,2,5,0,True,False,False,74,12928.0,3024.9540119171143,11.627823835937306,0.1571289007237332,cuda:0
compare,abcl,2,5,1,False,False,True,200,50166.0,6472.405324935913,33.37724767299369,0.16688291735132224,cuda:0
compare,abcl,2,5,2,False,False,True,200,28408.0,5573.116103172302,32.34515227586962,0.1617223438352812,cuda:0
compare,abcl,2,5,3,False,False,True,200,58870.0,6486.398892402649,34.46850472292863,0.17233907149522565,cuda:0
compare,abcl,2,5,4,False,False,True,200,61932.0,6658.187415122986,33.888523407047614,0.16943931416375563,cuda:0
compare,abcl,2,5,5,True,False,False,56,11296.0,2320.1006965637207,9.21109835198149,0.16447951504129119,cuda:0
compare,abcl,2,5,6,False,False,True,200,46548.0,6134.117599487305,33.98184347106144,0.16990587538457474,cuda:0
compare,abcl,2,5,7,True,False,False,36,2578.0,1638.1976013183594,5.216941319871694,0.14490957789045447,cuda:0
compare,abcl,2,5,8,True,False,False,115,26454.0,4305.289506912231,18.811913488898426,0.16357837833423652,cuda:0
compare,abcl,2,5,9,True,False,False,65,6284.0,2811.428024291992,9.674335601972416,0.14883183001970443,cuda:0
compare,abcl,0,10,0,False,False,True,200,81200.0,12064.936786651611,30.64090489386581,0.1532012355781626,cuda:0
compare,abcl,0,10,1,False,False,True,200,57558.0,12914.386520385742,30.755448357202113,0.15377384425140916,cuda:0
compare,abcl,0,10,2,False,False,True,200,49192.0,12097.733127593994,29.059538915054873,0.1452943397744093,cuda:0
compare,abcl,0,10,3,False,False,True,200,121852.0,11831.659732818604,33.43792294990271,0.16718626811401918,cuda:0
compare,abcl,0,10,4,False,False,True,200,91248.0,12423.891296386719,32.51773939514533,0.16258532014791854,cuda:0
compare,abcl,0,10,5,False,False,True,200,92198.0,11990.991645812988,32.44997159088962,0.16224663278553636,cuda:0
compare,abcl,0,10,6,False,False,True,200,130444.0,13180.651741027832,33.34047371195629,0.16669896002509632,cuda:0
compare,abcl,0,10,7,False,False,True,200,71664.0,12286.668018341064,30.287499801022932,0.1514342060533818,cuda:0
compare,abcl,0,10,8,False,False,True,200,73900.0,12582.154720306396,31.80358548811637,0.15901461787638255,cuda:0
compare,abcl,0,10,9,False,False,True,200,122958.0,12522.79808807373,33.848779362859204,0.16924057947704568,cuda:0
compare,abcl,1,10,0,False,False,True,200,127710.0,13247.448387145996,40.11874255910516,0.20059030699543656,cuda:0
compare,abcl,1,10,1,False,False,True,200,142672.0,12735.871780395508,40.593288484960794,0.2029631617537234,cuda:0
compare,abcl,1,10,2,False,True,False,68,15450.0,5275.917190551758,12.263282027095556,0.18033810042748777,cuda:0
compare,abcl,1,10,3,False,False,True,200,77474.0,12515.717468261719,38.94453240488656,0.19471958094392902,cuda:0
compare,abcl,1,10,4,True,False,False,89,34718.0,6697.980472564697,16.6058423218783,0.18657886812965688,cuda:0
compare,abcl,1,10,5,False,False,True,200,106860.0,13301.50936126709,39.321666792966425,0.19660506034153513,cuda:0
compare,abcl,1,10,6,False,False,True,200,138194.0,12921.441402435303,40.85373376403004,0.2042654159956146,cuda:0
compare,abcl,1,10,7,False,False,True,200,105170.0,12110.190662384033,40.805761449970305,0.20402567595127039,cuda:0
compare,abcl,1,10,8,False,False,True,200,126088.0,13615.64506149292,39.929934362182394,0.19964632818824612,cuda:0
compare,abcl,1,10,9,False,False,True,200,110592.0,12275.275169372559,39.55445363698527,0.19776888357591815,cuda:0
compare,abcl,2,10,0,False,False,True,200,132622.0,12810.885776519775,33.28837002487853,0.16643864410929382,cuda:0
compare,abcl,2,10,1,False,False,True,200,105090.0,11939.016338348389,33.26519841514528,0.1663225174380932,cuda:0
compare,abcl,2,10,2,False,False,True,200,136728.0,13435.673328399658,33.667551139136776,0.16833418252528645,cuda:0
compare,abcl,2,10,3,False,False,True,200,109112.0,13214.53091430664,32.89748730510473,0.16448401525965892,cuda:0
compare,abcl,2,10,4,False,False,True,200,106442.0,12512.771614074707,33.10676045692526,0.16553039857419208,cuda:0
compare,abcl,2,10,5,False,False,True,200,122118.0,12940.144737243652,33.292221662122756,0.16645770482718944,cuda:0
compare,abcl,2,10,6,True,False,False,90,39956.0,6625.253017425537,14.433763743145391,0.16037140443093248,cuda:0
compare,abcl,2,10,7,False,False,True,200,57038.0,12451.077701568604,30.513339516939595,0.1525634997501038,cuda:0
compare,abcl,2,10,8,True,False,False,82,39828.0,6301.4897537231445,13.095827108016238,0.15970141399742627,cuda:0
compare,abcl,2,10,9,False,False,True,200,134544.0,13297.577060699463,33.25362280290574,0.16626489248592408,cuda:0
ablation,origin_abc,0,5,0,False,False,True,200,40560.0,6001.939952850342,28.201522450894117,0.14100427721510642,cuda:0
ablation,origin_abc,0,5,1,False,False,True,200,64874.0,6651.1244468688965,29.77414790308103,0.1488675929082092,cuda:0
ablation,origin_abc,0,5,2,False,False,True,200,59972.0,6485.563646316528,28.583756250096485,0.14291556088137441,cuda:0
ablation,origin_abc,0,5,3,False,False,True,200,45246.0,6310.94567489624,28.724805496865883,0.14362079021870158,cuda:0
ablation,origin_abc,0,5,4,False,False,True,200,63458.0,6249.659023284912,29.634890526067466,0.1481711951259058,cuda:0
ablation,origin_abc,0,5,5,True,False,False,63,7966.0,2727.9541816711426,8.673361947992817,0.13766843909102064,cuda:0
ablation,origin_abc,0,5,6,False,False,True,200,57750.0,6549.325349807739,29.48707932489924,0.1474321626126766,cuda:0
ablation,origin_abc,0,5,7,True,False,False,76,13474.0,3168.0684928894043,10.726496824994683,0.1411342856743814,cuda:0
ablation,origin_abc,0,5,8,True,False,False,102,18842.0,3972.8875274658203,14.472350720083341,0.14188235250584708,cuda:0
ablation,origin_abc,0,5,9,False,False,True,200,55408.0,6226.480140686035,29.09252211684361,0.14545946211786942,cuda:0
ablation,origin_abc,1,5,0,False,False,True,200,70372.0,6022.933973312378,36.125589716946706,0.1806246275419835,cuda:0
ablation,origin_abc,1,5,1,True,False,False,65,7576.0,2891.4356651306152,10.711206079926342,0.16478383985276407,cuda:0
ablation,origin_abc,1,5,2,True,False,False,78,14154.0,3142.0798473358154,12.930587960174307,0.16577272543098587,cuda:0
ablation,origin_abc,1,5,3,False,False,True,200,54482.0,6939.404661178589,35.51370982383378,0.17756496227695606,cuda:0
ablation,origin_abc,1,5,4,False,False,True,200,60844.0,6573.860134124756,34.71439129021019,0.1735686225851532,cuda:0
ablation,origin_abc,1,5,5,False,False,True,200,61394.0,6644.088396072388,35.793615561909974,0.1789645372168161,cuda:0
ablation,origin_abc,1,5,6,False,False,True,200,68996.0,6065.078113555908,35.964777844026685,0.1798205647978466,cuda:0
ablation,origin_abc,1,5,7,False,False,True,200,63852.0,5856.619520187378,33.82899012113921,0.16914168815826996,cuda:0
ablation,origin_abc,1,5,8,False,False,True,200,55760.0,5804.638473510742,33.494496509898454,0.1674691900878679,cuda:0
ablation,origin_abc,1,5,9,False,False,True,200,57798.0,6656.446376800537,35.52342316205613,0.17761380589101464,cuda:0
ablation,origin_abc,2,5,0,True,False,False,75,13322.0,3079.2324047088623,10.551300996914506,0.14068021025819083,cuda:0
ablation,origin_abc,2,5,1,False,False,True,200,50060.0,6640.608535766602,28.983307990944013,0.14491327846306376,cuda:0
ablation,origin_abc,2,5,2,False,False,True,200,28074.0,5590.23357963562,27.189141831127927,0.135942450290313,cuda:0
ablation,origin_abc,2,5,3,False,False,True,200,58764.0,6529.201057434082,29.325860033975914,0.1466260837088339,cuda:0
ablation,origin_abc,2,5,4,False,False,True,200,61724.0,6540.219379425049,29.66609397600405,0.14832724263891578,cuda:0
ablation,origin_abc,2,5,5,True,False,False,56,11184.0,2392.9978637695312,7.739885998889804,0.13820789802204153,cuda:0
ablation,origin_abc,2,5,6,False,False,True,200,46382.0,5930.625939369202,28.695759925059974,0.1434753688017372,cuda:0
ablation,origin_abc,2,5,7,True,False,False,36,2582.0,1667.8998641967773,4.880246608983725,0.13555698837929717,cuda:0
ablation,origin_abc,2,5,8,True,False,False,114,24350.0,4378.466667175293,16.32102653104812,0.14316323434264122,cuda:0
ablation,origin_abc,2,5,9,True,False,False,76,9962.0,3062.3018321990967,10.28871880704537,0.1353739709317635,cuda:0
ablation,origin_abc,0,10,0,False,False,True,200,89982.0,12400.855583190918,27.62771699205041,0.13813520783325658,cuda:0
ablation,origin_abc,0,10,1,False,False,True,200,56816.0,12775.14846420288,27.33539090398699,0.1366737707471475,cuda:0
ablation,origin_abc,0,10,2,False,False,True,200,62406.0,12209.526916503906,26.918217852013186,0.1345879573840648,cuda:0
ablation,origin_abc,0,10,3,False,False,True,200,127112.0,12296.171756744385,28.88239092589356,0.144408795456402,cuda:0
ablation,origin_abc,0,10,4,False,False,True,200,92598.0,12477.093547821045,28.22066849214025,0.141100104090292,cuda:0
ablation,origin_abc,0,10,5,False,False,True,200,94460.0,12465.738662719727,28.62310329405591,0.14311224566656164,cuda:0
ablation,origin_abc,0,10,6,False,False,True,200,123274.0,13145.713283538818,29.394677978008986,0.1469701239047572,cuda:0
ablation,origin_abc,0,10,7,False,False,True,200,79184.0,11712.293617248535,26.84275523200631,0.13421052798395977,cuda:0
ablation,origin_abc,0,10,8,False,False,True,200,74628.0,12356.325454711914,27.817577942973003,0.13908442477462812,cuda:0
ablation,origin_abc,0,10,9,False,False,True,200,124120.0,12601.012451171875,29.445699732983485,0.1472251503611915,cuda:0
ablation,origin_abc,1,10,0,False,False,True,200,122420.0,13079.51819229126,35.10627697408199,0.1755280051426962,cuda:0
ablation,origin_abc,1,10,1,False,False,True,200,142460.0,12895.467655181885,35.322981872130185,0.1766114966000896,cuda:0
ablation,origin_abc,1,10,2,False,True,False,73,19462.0,5599.248970031738,12.386402463074774,0.16967254773751922,cuda:0
ablation,origin_abc,1,10,3,False,False,True,200,78674.0,12755.261436462402,33.74039812502451,0.16869850840768777,cuda:0
ablation,origin_abc,1,10,4,True,False,False,97,43222.0,7287.958057403564,16.52016297588125,0.17030739611658008,cuda:0
ablation,origin_abc,1,10,5,False,False,True,200,108088.0,13380.601570129395,35.39616607502103,0.1769776129478123,cuda:0
ablation,origin_abc,1,10,6,False,False,True,200,135570.0,12698.139945983887,35.86384339001961,0.179315862756921,cuda:0
ablation,origin_abc,1,10,7,False,False,True,200,112066.0,12129.987350463867,35.209001696901396,0.17604155183653347,cuda:0
ablation,origin_abc,1,10,8,False,False,True,200,126878.0,13570.86474609375,35.62440920691006,0.17811878788867033,cuda:0
ablation,origin_abc,1,10,9,False,False,True,200,114284.0,12644.443897247314,34.8653153819032,0.17432330839685165,cuda:0
ablation,origin_abc,2,10,0,False,False,True,200,135556.0,13105.11396408081,29.565315547864884,0.147823173571378,cuda:0
ablation,origin_abc,2,10,1,False,False,True,200,105784.0,11834.717147827148,27.617368310922757,0.13808360129711217,cuda:0
ablation,origin_abc,2,10,2,False,False,True,200,130976.0,13258.405948638916,29.631546234944835,0.148154373455327,cuda:0
ablation,origin_abc,2,10,3,False,False,True,200,104810.0,13172.787162780762,29.131827146047726,0.14565597807988526,cuda:0
ablation,origin_abc,2,10,4,False,False,True,200,116682.0,12709.949691772461,28.550832303008065,0.14275088650523685,cuda:0
ablation,origin_abc,2,10,5,False,False,True,200,123016.0,12877.821277618408,29.491247185971588,0.14745286575634964,cuda:0
ablation,origin_abc,2,10,6,False,False,True,200,135344.0,13260.848930358887,29.48958649788983,0.14744464027811774,cuda:0
ablation,origin_abc,2,10,7,False,False,True,200,51652.0,12177.235790252686,27.063599563902244,0.1353147689218167,cuda:0
ablation,origin_abc,2,10,8,True,False,False,91,47872.0,6848.852684020996,13.121507870964706,0.14418858125457887,cuda:0
ablation,origin_abc,2,10,9,False,False,True,200,130654.0,13170.59154510498,29.56220968114212,0.14780774646555073,cuda:0
ablation,fixed_iabc,0,5,0,False,False,True,200,40356.0,6009.433627128601,41.88843708811328,0.20943888142122888,cuda:0
ablation,fixed_iabc,0,5,1,False,False,True,200,65092.0,6681.4437618255615,42.34624135307968,0.21172793878940865,cuda:0
ablation,fixed_iabc,0,5,2,False,False,True,200,61482.0,6767.367819786072,42.505769761046395,0.21252562691224738,cuda:0
ablation,fixed_iabc,0,5,3,False,False,True,200,45468.0,6408.426023483276,42.26332904002629,0.21131327076116577,cuda:0
ablation,fixed_iabc,0,5,4,False,False,True,200,63390.0,6266.412467956543,43.14003534289077,0.2156966561137233,cuda:0
ablation,fixed_iabc,0,5,5,True,False,False,62,8552.0,2726.862741470337,12.79769116290845,0.20641022737348272,cuda:0
ablation,fixed_iabc,0,5,6,False,False,True,200,57850.0,6591.036117553711,42.53206555102952,0.21265693104243838,cuda:0
ablation,fixed_iabc,0,5,7,True,False,False,76,14348.0,3107.609630584717,15.767408862011507,0.20746186477021852,cuda:0
ablation,fixed_iabc,0,5,8,True,False,False,100,18490.0,3994.1757488250732,20.929296721005812,0.2092893484258093,cuda:0
ablation,fixed_iabc,0,5,9,False,False,True,200,59842.0,6364.688815116882,42.59070400707424,0.21295038860058413,cuda:0
ablation,fixed_iabc,1,5,0,False,False,True,200,70374.0,6148.7481117248535,49.05894873896614,0.2452914548292756,cuda:0
ablation,fixed_iabc,1,5,1,True,False,False,65,7588.0,2780.52188873291,15.115400396985933,0.23254036225306873,cuda:0
ablation,fixed_iabc,1,5,2,True,False,False,78,14158.0,3121.3331718444824,18.168331068009138,0.23292347656574863,cuda:0
ablation,fixed_iabc,1,5,3,False,False,True,200,54606.0,6870.260028839111,48.37497776793316,0.2418715647351928,cuda:0
ablation,fixed_iabc,1,5,4,False,False,True,200,60856.0,6676.849319458008,48.957469809101894,0.2447840699669905,cuda:0
ablation,fixed_iabc,1,5,5,False,False,True,200,61490.0,6665.250535964966,47.822281358996406,0.23910805196268484,cuda:0
ablation,fixed_iabc,1,5,6,False,False,True,200,69108.0,6287.184302330017,48.376739730127156,0.24188044853275642,cuda:0
ablation,fixed_iabc,1,5,7,False,False,True,200,63848.0,6018.708296775818,47.82913849991746,0.23914237254997717,cuda:0
ablation,fixed_iabc,1,5,8,False,False,True,200,55750.0,6416.209970474243,48.71221641195007,0.24355769793270154,cuda:0
ablation,fixed_iabc,1,5,9,False,False,True,200,58096.0,6631.406576156616,49.04429803881794,0.24521808921010232,cuda:0
ablation,fixed_iabc,2,5,0,True,False,False,76,13710.0,3072.936273574829,15.755011253990233,0.20729877269753305,cuda:0
ablation,fixed_iabc,2,5,1,False,False,True,200,50060.0,6533.4657526016235,42.242792445933446,0.21121070907334796,cuda:0
ablation,fixed_iabc,2,5,2,False,False,True,200,28140.0,5642.912161827087,41.64889312488958,0.2082411374815274,cuda:0
ablation,fixed_iabc,2,5,3,False,False,True,200,58876.0,6508.742867469788,42.12296666810289,0.2106113726994954,cuda:0
ablation,fixed_iabc,2,5,4,False,False,True,200,55568.0,6496.354440689087,42.26441470300779,0.2113185618352145,cuda:0
ablation,fixed_iabc,2,5,5,True,False,False,56,11298.0,2364.7665691375732,11.50187976588495,0.20538631966337562,cuda:0
ablation,fixed_iabc,2,5,6,False,False,True,200,46650.0,6087.721153259277,42.12699115695432,0.21063150428119115,cuda:0
ablation,fixed_iabc,2,5,7,True,False,False,36,2578.0,1668.9882888793945,7.375686649000272,0.20487492938344884,cuda:0
ablation,fixed_iabc,2,5,8,True,False,False,116,26630.0,4416.255325317383,24.17756122094579,0.20842392075052163,cuda:0
ablation,fixed_iabc,2,5,9,True,False,False,65,4878.0,2696.850513458252,13.343931671930477,0.20528729973862378,cuda:0
ablation,fixed_iabc,0,10,0,False,False,True,200,88884.0,11656.114776611328,41.51275307498872,0.2075605375994928,cuda:0
ablation,fixed_iabc,0,10,1,False,False,True,200,62076.0,12916.270309448242,41.216940133832395,0.20608153491397388,cuda:0
ablation,fixed_iabc,0,10,2,False,False,True,200,62496.0,11905.250774383545,41.093340025050566,0.20546331267920323,cuda:0
ablation,fixed_iabc,0,10,3,False,False,True,200,128148.0,12422.697017669678,42.437034734059125,0.21218199642840774,cuda:0
ablation,fixed_iabc,0,10,4,False,False,True,200,89612.0,12684.12707901001,41.50984616205096,0.20754598069470376,cuda:0
ablation,fixed_iabc,0,10,5,False,False,True,200,101478.0,12574.481693267822,41.62970176292583,0.20814530608360657,cuda:0
ablation,fixed_iabc,0,10,6,False,False,True,200,129590.0,12788.71764755249,43.18266566284001,0.21591007882379926,cuda:0
ablation,fixed_iabc,0,10,7,False,False,True,200,81134.0,11572.906047821045,41.23334997193888,0.206163389866706,cuda:0
ablation,fixed_iabc,0,10,8,False,False,True,200,78204.0,12548.741542816162,41.33452149806544,0.20666922730277293,cuda:0
ablation,fixed_iabc,0,10,9,False,False,True,200,126678.0,12679.278469085693,42.026893387082964,0.21013106192927808,cuda:0
ablation,fixed_iabc,1,10,0,False,False,True,200,132112.0,13501.828197479248,48.13578536780551,0.24067559159244412,cuda:0
ablation,fixed_iabc,1,10,1,False,False,True,200,145164.0,12921.67184829712,48.61311448109336,0.24306206969777122,cuda:0
ablation,fixed_iabc,1,10,2,True,False,False,76,27142.0,6193.141441345215,17.64662168500945,0.2321884253668893,cuda:0
ablation,fixed_iabc,1,10,3,False,False,True,200,81674.0,12479.568222045898,46.663521520094946,0.23331433644751087,cuda:0
ablation,fixed_iabc,1,10,4,True,False,False,87,41192.0,6693.516860961914,20.30253483587876,0.23335872430236604,cuda:0
ablation,fixed_iabc,1,10,5,False,False,True,200,105628.0,13434.825061798096,47.17042256309651,0.2358487815828994,cuda:0
ablation,fixed_iabc,1,10,6,False,False,True,200,141084.0,13005.766551971436,48.28560475911945,0.24142478913883678,cuda:0
ablation,fixed_iabc,1,10,7,False,False,True,200,114674.0,11987.678401947021,47.17331185610965,0.23586338799563236,cuda:0
ablation,fixed_iabc,1,10,8,False,False,True,200,128746.0,13648.974555969238,48.30128531600349,0.24150308756972663,cuda:0
ablation,fixed_iabc,1,10,9,False,False,True,200,118578.0,12375.78923034668,47.664815495023504,0.2383204830728937,cuda:0
ablation,fixed_iabc,2,10,0,False,False,True,200,137342.0,13373.45341873169,43.45791094005108,0.21728623187053017,cuda:0
ablation,fixed_iabc,2,10,1,False,False,True,200,106772.0,11870.012348175049,41.50330591597594,0.20751334541826508,cuda:0
ablation,fixed_iabc,2,10,2,False,False,True,200,136590.0,13386.304481506348,42.48432538914494,0.21241823612945154,cuda:0
ablation,fixed_iabc,2,10,3,False,True,False,125,54538.0,8887.982288360596,26.306477974867448,0.21044827867299318,cuda:0
ablation,fixed_iabc,2,10,4,False,False,True,200,107484.0,12471.17060470581,41.9690193508286,0.20984178030397743,cuda:0
ablation,fixed_iabc,2,10,5,False,False,True,200,124702.0,13077.874011993408,42.3946932090912,0.21197012276388705,cuda:0
ablation,fixed_iabc,2,10,6,False,False,True,200,138872.0,12830.320552825928,43.150491210166365,0.21574908207636326,cuda:0
ablation,fixed_iabc,2,10,7,False,False,True,200,63000.0,12387.906021118164,41.187225478934124,0.2059328653558623,cuda:0
ablation,fixed_iabc,2,10,8,True,False,False,87,46438.0,6599.892963409424,18.07523844903335,0.2077577788136557,cuda:0
ablation,fixed_iabc,2,10,9,False,False,True,200,135682.0,13303.287757873535,43.1391439801082,0.2156924325507134,cuda:0
ablation,manual_iabc,0,5,0,False,False,True,200,40570.0,5948.862739562988,41.97946460102685,0.20989397461060436,cuda:0
ablation,manual_iabc,0,5,1,False,False,True,200,64976.0,6604.184997558594,42.422466058051214,0.21210915522417054,cuda:0
ablation,manual_iabc,0,5,2,False,False,True,200,61166.0,6719.834772109985,42.49139987095259,0.21245379436644726,cuda:0
ablation,manual_iabc,0,5,3,False,False,True,200,45352.0,6508.45374584198,41.88973190705292,0.20944545833510347,cuda:0
ablation,manual_iabc,0,5,4,False,False,True,200,63606.0,6402.000033378601,42.93012584303506,0.21464724514982664,cuda:0
ablation,manual_iabc,0,5,5,True,False,False,63,8834.0,2708.610595703125,13.030277174897492,0.20682566352040757,cuda:0
ablation,manual_iabc,0,5,6,False,False,True,200,57946.0,6604.5938358306885,42.62902790517546,0.21314164736890234,cuda:0
ablation,manual_iabc,0,5,7,True,False,False,77,14518.0,3188.826425552368,15.963379618013278,0.20731266813848603,cuda:0
ablation,manual_iabc,0,5,8,True,False,False,101,18570.0,3955.055112838745,21.178804770112038,0.20968735584583464,cuda:0
ablation,manual_iabc,0,5,9,False,False,True,200,59840.0,6175.133933067322,42.69559611589648,0.2134746067179367,cuda:0
ablation,manual_iabc,1,5,0,False,False,True,200,70364.0,6194.25950717926,49.11849754303694,0.24558891879860312,cuda:0
ablation,manual_iabc,1,5,1,True,False,False,64,7192.0,2763.0851612091064,14.876047024037689,0.2324341153835121,cuda:0
ablation,manual_iabc,1,5,2,True,False,False,78,14370.0,3154.6744117736816,18.18203248595819,0.23309906424942595,cuda:0
ablation,manual_iabc,1,5,3,False,False,True,200,54712.0,6912.872859954834,48.47367487195879,0.24236478287610225,cuda:0
ablation,manual_iabc,1,5,4,False,False,True,200,60952.0,6639.933885574341,48.94111458514817,0.24470225684694014,cuda:0
ablation,manual_iabc,1,5,5,False,False,True,200,61394.0,6554.686212539673,47.83616629685275,0.23917749698506668,cuda:0
ablation,manual_iabc,1,5,6,False,False,True,200,68784.0,6172.384185791016,48.54924798500724,0.24274292858317495,cuda:0
ablation,manual_iabc,1,5,7,False,False,True,200,63846.0,5828.742387771606,47.88360344618559,0.23941479964996687,cuda:0
ablation,manual_iabc,1,5,8,False,False,True,200,55834.0,6010.648097038269,48.74827324110083,0.24373831926379352,cuda:0
ablation,manual_iabc,1,5,9,False,False,True,200,57038.0,6597.001745223999,49.01017343415879,0.2450477024365682,cuda:0
ablation,manual_iabc,2,5,0,True,False,False,76,13710.0,3075.957754135132,15.754805862903595,0.20729607367569483,cuda:0
ablation,manual_iabc,2,5,1,False,False,True,200,50272.0,6674.622114181519,42.435704971896484,0.2121752620814368,cuda:0
ablation,manual_iabc,2,5,2,False,False,True,200,28320.0,5663.449644088745,41.6833802619949,0.20841370147652924,cuda:0
ablation,manual_iabc,2,5,3,False,False,True,200,58978.0,6557.761419296265,42.26921038306318,0.2113428356067743,cuda:0
ablation,manual_iabc,2,5,4,False,False,True,200,54690.0,6323.990339279175,42.236605821875855,0.21117979447939433,cuda:0
ablation,manual_iabc,2,5,5,True,False,False,56,11300.0,2386.774366378784,11.522127328906208,0.20574788247800566,cuda:0
ablation,manual_iabc,2,5,6,False,False,True,200,46754.0,6110.458168029785,42.25966424285434,0.2112949862657115,cuda:0
ablation,manual_iabc,2,5,7,True,False,False,36,2582.0,1669.6398792266846,7.377852790988982,0.20493476841107217,cuda:0
ablation,manual_iabc,2,5,8,True,False,False,112,24760.0,4280.374700546265,23.366396195953712,0.20862481934766816,cuda:0
ablation,manual_iabc,2,5,9,True,False,False,63,4856.0,2746.1226768493652,12.977254956960678,0.20598384696945904,cuda:0
ablation,manual_iabc,0,10,0,False,False,True,200,93096.0,12469.877601623535,41.52175275795162,0.20760531203704885,cuda:0
ablation,manual_iabc,0,10,1,False,False,True,200,63458.0,12781.514663696289,41.37170979892835,0.20685529693961144,cuda:0
ablation,manual_iabc,0,10,2,False,False,True,200,62728.0,12022.308944702148,41.23789973696694,0.20618635911610908,cuda:0
ablation,manual_iabc,0,10,3,False,False,True,200,128184.0,12425.502449035645,42.144208199111745,0.2107176766754128,cuda:0
ablation,manual_iabc,0,10,4,False,False,True,200,99098.0,12651.975009918213,41.811565284151584,0.20905443934490905,cuda:0
ablation,manual_iabc,0,10,5,False,False,True,200,102888.0,12591.882011413574,41.61401192191988,0.2080668210319709,cuda:0
ablation,manual_iabc,0,10,6,False,False,True,200,132246.0,13375.91124343872,42.72721402393654,0.21363281903904863,cuda:0
ablation,manual_iabc,0,10,7,False,False,True,200,82212.0,11855.960140228271,41.33483428694308,0.2066708599217236,cuda:0
ablation,manual_iabc,0,10,8,False,False,True,200,78824.0,12569.203548431396,41.43000960000791,0.2071467413508799,cuda:0
ablation,manual_iabc,0,10,9,False,False,True,200,126046.0,12208.379615783691,42.16834570700303,0.2108384833112359,cuda:0
ablation,manual_iabc,1,10,0,False,False,True,200,108650.0,12942.70114517212,47.621668410953134,0.23810502490610816,cuda:0
ablation,manual_iabc,1,10,1,False,False,True,200,131950.0,13225.783023834229,47.98701939592138,0.23993164267158135,cuda:0
ablation,manual_iabc,1,10,2,True,False,False,69,20924.0,5842.636390686035,15.99603802897036,0.23182254491130944,cuda:0
ablation,manual_iabc,1,10,3,False,False,True,200,79074.0,12508.87336730957,46.75796972680837,0.23378645770135337,cuda:0
ablation,manual_iabc,1,10,4,True,False,False,91,41742.0,6819.485652923584,21.315148442052305,0.23422866550038804,cuda:0
ablation,manual_iabc,1,10,5,False,False,True,200,108586.0,13389.719036102295,47.522996075917035,0.23761152815190145,cuda:0
ablation,manual_iabc,1,10,6,False,False,True,200,143118.0,12773.981296539307,48.33653282490559,0.24167933939024805,cuda:0
ablation,manual_iabc,1,10,7,False,False,True,200,113614.0,12287.492980957031,47.33121551387012,0.236652739479905,cuda:0
ablation,manual_iabc,1,10,8,False,False,True,200,129080.0,13627.872695922852,48.2610127821099,0.24130166717804968,cuda:0
ablation,manual_iabc,1,10,9,False,False,True,200,116088.0,12649.349159240723,47.87469668104313,0.2393701612285804,cuda:0
ablation,manual_iabc,2,10,0,False,False,True,200,133684.0,13292.877292633057,42.89930817694403,0.21449334909091702,cuda:0
ablation,manual_iabc,2,10,1,False,False,True,200,107190.0,11467.556518554688,41.49429197283462,0.20746838603750803,cuda:0
ablation,manual_iabc,2,10,2,False,False,True,200,139162.0,13227.55963897705,42.53300724294968,0.21266178255085832,cuda:0
ablation,manual_iabc,2,10,3,False,False,True,200,114062.0,13402.756504058838,42.38024948211387,0.2118979116238188,cuda:0
ablation,manual_iabc,2,10,4,False,False,True,200,106544.0,12388.313804626465,41.82366856210865,0.20911502126953566,cuda:0
ablation,manual_iabc,2,10,5,False,False,True,200,134636.0,13092.662719726562,43.18133043800481,0.21590340101276526,cuda:0
ablation,manual_iabc,2,10,6,False,False,True,200,140920.0,12817.604782104492,43.27565772598609,0.21637495008064433,cuda:0
ablation,manual_iabc,2,10,7,False,False,True,200,63518.0,12552.817699432373,41.221043456112966,0.2061019398504868,cuda:0
ablation,manual_iabc,2,10,8,True,False,False,85,44638.0,6431.469387054443,17.669994361931458,0.20787832210223903,cuda:0
ablation,manual_iabc,2,10,9,False,False,True,200,136118.0,13291.64310836792,43.26243731705472,0.21630879185395316,cuda:0
ablation,ppo_iabc,0,5,0,False,False,True,200,40230.0,6071.900908470154,43.27889296319336,0.21639104221598246,cuda:0
ablation,ppo_iabc,0,5,1,False,False,True,200,65096.0,6571.104511260986,43.81408415711485,0.21906696361023933,cuda:0
ablation,ppo_iabc,0,5,2,False,False,True,200,61268.0,6795.571711540222,44.01626064092852,0.2200779035699088,cuda:0
ablation,ppo_iabc,0,5,3,False,False,True,200,45580.0,6407.589971542358,43.31262585707009,0.21655962880700827,cuda:0
ablation,ppo_iabc,0,5,4,False,False,True,200,63590.0,6183.869562149048,44.4568391200155,0.22228077645297162,cuda:0
ablation,ppo_iabc,0,5,5,True,False,False,62,8440.0,2724.387372970581,13.267902741907164,0.21399389577638958,cuda:0
ablation,ppo_iabc,0,5,6,False,False,True,200,58074.0,6717.139041900635,44.017782998038456,0.22008550246246159,cuda:0
ablation,ppo_iabc,0,5,7,True,False,False,75,13950.0,3080.9719076156616,16.152537452988327,0.21536317995749413,cuda:0
ablation,ppo_iabc,0,5,8,True,False,False,103,19454.0,4095.8204612731934,22.373398025054485,0.2172138170108597,cuda:0
ablation,ppo_iabc,0,5,9,False,False,True,200,59844.0,6064.124979019165,44.85138482111506,0.22425341988797298,cuda:0
ablation,ppo_iabc,1,5,0,False,False,True,200,70380.0,6100.657378196716,50.661906021879986,0.2533059942908585,cuda:0
ablation,ppo_iabc,1,5,1,True,False,False,65,7684.0,2854.9063987731934,15.542349841911346,0.23910872308680645,cuda:0
ablation,ppo_iabc,1,5,2,True,False,False,86,14474.0,3259.6564235687256,20.796608855947852,0.24181705945561272,cuda:0
ablation,ppo_iabc,1,5,3,False,False,True,200,54706.0,6903.725923538208,49.93051994196139,0.2496492235828191,cuda:0
ablation,ppo_iabc,1,5,4,False,False,True,200,60856.0,6775.4326171875,50.36781758116558,0.2518356240715366,cuda:0
ablation,ppo_iabc,1,5,5,False,False,True,200,61384.0,6567.584571838379,49.263602694962174,0.2463145005237311,cuda:0
ablation,ppo_iabc,1,5,6,False,False,True,200,69110.0,6313.004503250122,49.95771079487167,0.24978521226905287,cuda:0
ablation,ppo_iabc,1,5,7,False,False,True,200,63846.0,5827.964183807373,49.438859703950584,0.24719083520234564,cuda:0
ablation,ppo_iabc,1,5,8,False,False,True,200,55950.0,5282.25640296936,50.33809749898501,0.25168694597901775,cuda:0
ablation,ppo_iabc,1,5,9,False,False,True,200,56604.0,6523.856896400452,50.62870366405696,0.2531399786414113,cuda:0
ablation,ppo_iabc,2,5,0,True,False,False,75,13424.0,3085.231279373169,16.22851313604042,0.21637604055926205,cuda:0
ablation,ppo_iabc,2,5,1,False,False,True,200,50390.0,6591.621263504028,43.99083050806075,0.21995065960800275,cuda:0
ablation,ppo_iabc,2,5,2,False,False,True,200,28062.0,5559.738143920898,43.57450850494206,0.21786912933923305,cuda:0
ablation,ppo_iabc,2,5,3,False,False,True,200,58970.0,6650.1230754852295,44.198887306964025,0.22099089051247575,cuda:0
ablation,ppo_iabc,2,5,4,False,False,True,200,55670.0,6407.292631149292,43.91243502800353,0.21955873074824922,cuda:0
ablation,ppo_iabc,2,5,5,True,False,False,56,11298.0,2369.353244781494,11.995763933984563,0.21420560739768138,cuda:0
ablation,ppo_iabc,2,5,6,False,False,True,200,46768.0,6216.214262008667,43.923900491092354,0.21961582059273496,cuda:0
ablation,ppo_iabc,2,5,7,True,False,False,36,2584.0,1649.5835800170898,7.657614032970741,0.2127053375200679,cuda:0
ablation,ppo_iabc,2,5,8,True,False,False,112,24848.0,4253.688970565796,24.294317475054413,0.21690978049134305,cuda:0
ablation,ppo_iabc,2,5,9,True,False,False,63,5826.0,2787.313777923584,13.499630849109963,0.21427546729451963,cuda:0
ablation,ppo_iabc,0,10,0,False,False,True,200,98668.0,11870.03677368164,43.53219244000502,0.21765743574593216,cuda:0
ablation,ppo_iabc,0,10,1,False,False,True,200,61304.0,12954.033794403076,43.10625948011875,0.21552799435332418,cuda:0
ablation,ppo_iabc,0,10,2,False,False,True,200,50590.0,11875.705305099487,43.02028616401367,0.21509807722177357,cuda:0
ablation,ppo_iabc,0,10,3,False,False,True,200,128388.0,12496.394382476807,44.001993376994506,0.22000668817898258,cuda:0
ablation,ppo_iabc,0,10,4,False,False,True,200,94372.0,12548.140739440918,43.46316061378457,0.21731248782365584,cuda:0
ablation,ppo_iabc,0,10,5,False,False,True,200,99578.0,12836.22356414795,43.47403663909063,0.21736679360852576,cuda:0
ablation,ppo_iabc,0,10,6,False,False,True,200,133228.0,13436.489273071289,44.58310397504829,0.2229122166032903,cuda:0
ablation,ppo_iabc,0,10,7,False,False,True,200,83432.0,12118.9594039917,42.98167181597091,0.21490506947855464,cuda:0
ablation,ppo_iabc,0,10,8,False,False,True,200,79486.0,12616.460941314697,43.0473764850758,0.21523351147654465,cuda:0
ablation,ppo_iabc,0,10,9,False,False,True,200,125400.0,12478.712032318115,43.76033966592513,0.21879826466552912,cuda:0
ablation,ppo_iabc,1,10,0,False,False,True,200,117974.0,13024.73288345337,49.520433434983715,0.24759867629851215,cuda:0
ablation,ppo_iabc,1,10,1,False,False,True,200,144288.0,13366.033851623535,50.73825063207187,0.25368787902407347,cuda:0
ablation,ppo_iabc,1,10,2,False,True,False,49,5664.0,4132.775630950928,11.727480639936402,0.23933128701827053,cuda:0
ablation,ppo_iabc,1,10,3,False,False,True,200,81446.0,12545.583112716675,48.4717952280771,0.24235557608422822,cuda:0
ablation,ppo_iabc,1,10,4,True,False,False,87,39790.0,6435.323528289795,21.052002985961735,0.24197300802381044,cuda:0
ablation,ppo_iabc,1,10,5,False,False,True,200,109772.0,13528.54780960083,49.56426621391438,0.2478177556046285,cuda:0
ablation,ppo_iabc,1,10,6,False,False,True,200,141830.0,12938.88083267212,50.28403231780976,0.25141662504174744,cuda:0
ablation,ppo_iabc,1,10,7,False,False,True,200,113836.0,12223.835092544556,48.93658690294251,0.24467928151367233,cuda:0
ablation,ppo_iabc,1,10,8,False,False,True,200,127560.0,13733.008918762207,50.219292612047866,0.2510930220305454,cuda:0
ablation,ppo_iabc,1,10,9,False,False,True,200,119116.0,12353.633728027344,49.38914024410769,0.2469422662013676,cuda:0
ablation,ppo_iabc,2,10,0,False,False,True,200,132510.0,13150.53210067749,44.95840150117874,0.22478840859257615,cuda:0
ablation,ppo_iabc,2,10,1,False,False,True,200,108056.0,11683.750019073486,47.06643868912943,0.2353282635076903,cuda:0
ablation,ppo_iabc,2,10,2,False,False,True,200,139074.0,13560.826278686523,60.073625019053,0.30036408247891816,cuda:0
ablation,ppo_iabc,2,10,3,False,True,False,130,56626.0,9180.752880096436,38.7257982341107,0.2978860859400951,cuda:0
ablation,ppo_iabc,2,10,4,False,False,True,200,118158.0,12875.252311706543,59.21652556885965,0.2960787304257974,cuda:0
ablation,ppo_iabc,2,10,5,False,False,True,200,127500.0,13111.174903869629,59.20375148509629,0.2960148049157578,cuda:0
ablation,ppo_iabc,2,10,6,False,False,True,200,138772.0,13423.82748413086,45.28188378014602,0.22640573963872157,cuda:0
ablation,ppo_iabc,2,10,7,False,False,True,200,62544.0,12411.538246154785,43.121603350155056,0.21560435417573898,cuda:0
ablation,ppo_iabc,2,10,8,True,False,False,88,47214.0,6706.102825164795,19.381601710105315,0.22024105660437437,cuda:0
ablation,ppo_iabc,2,10,9,False,False,True,200,136864.0,13223.296714782715,57.344556662021205,0.28671816175570713,cuda:0
